File ID	File Name	Data Category	Data Type	Project ID	Case ID	Sample ID	Tissue Type	Tumor Descriptor	Specimen Type	Preservation Method
cba08218-0a7b-4425-8776-b240fac9b6cf	fd71e0e9-e77a-465b-b118-b1f9665d5797.rna_seq.augmented_star_gene_counts.tsv	Transcriptome Profiling	Gene Expression Quantification	TCGA-BRCA	TCGA-AR-A5QM	TCGA-AR-A5QM-01A	Tumor	Primary	Unknown	OCT
34fe7a7d-8120-4527-8d7f-d136f2bb010c	4aa25d8a-34af-4837-8a17-c83f5f54a2ca.rna_seq.augmented_star_gene_counts.tsv	Transcriptome Profiling	Gene Expression Quantification	TCGA-PAAD	TCGA-2J-AABR	TCGA-2J-AABR-01A	Tumor	Primary	Solid Tissue	OCT
98b164c8-e171-4344-9822-04088aed7705	fe4a0710-a6db-4735-9d1a-113df310def6.rna_seq.augmented_star_gene_counts.tsv	Transcriptome Profiling	Gene Expression Quantification	TCGA-SKCM	TCGA-FS-A4F0	TCGA-FS-A4F0-06A	Tumor	Metastatic	Unknown	Unknown
4ac2bcec-d4e5-4491-8042-4cbd5327a1da	d9eacc36-0ae3-41bd-aef6-503f91cb25aa.rna_seq.augmented_star_gene_counts.tsv	Transcriptome Profiling	Gene Expression Quantification	TCGA-SKCM	TCGA-FW-A3R5	TCGA-FW-A3R5-06A	Tumor	Metastatic	Unknown	OCT
bd32096f-1c2a-44e5-b42d-27c66883665d	737bc806-018c-401d-b3ef-ffd3c896c01c.rna_seq.augmented_star_gene_counts.tsv	Transcriptome Profiling	Gene Expression Quantification	TCGA-SKCM	TCGA-D3-A3CC	TCGA-D3-A3CC-06A	Tumor	Metastatic	Unknown	OCT
d03c77e0-8b7b-4be7-a258-bad868690e3b	b6c4399b-a4b6-4fcd-815c-554dc1a79ff7.rna_seq.augmented_star_gene_counts.tsv	Transcriptome Profiling	Gene Expression Quantification	TCGA-SKCM	TCGA-EE-A2GN	TCGA-EE-A2GN-06A	Tumor	Metastatic	Unknown	OCT
02204553-ce60-4bd3-b32c-d9fef434c084	4e64826b-fffb-4430-bc34-ea6086e89a0a.rna_seq.augmented_star_gene_counts.tsv	Transcriptome Profiling	Gene Expression Quantification	TCGA-SKCM	TCGA-D3-A8GR	TCGA-D3-A8GR-06A	Tumor	Metastatic	Unknown	OCT
20b5fc73-c12f-465a-87d6-5a5e062d58f3	c59a00cb-985f-41b6-b66b-decefb8c9f66.rna_seq.augmented_star_gene_counts.tsv	Transcriptome Profiling	Gene Expression Quantification	TCGA-SKCM	TCGA-D3-A3CF	TCGA-D3-A3CF-06A	Tumor	Metastatic	Unknown	OCT
756a8224-cb4d-42ca-b74e-d1ae6df37ffe	38e8a5f6-9edf-49bb-ab00-912a58fa363f.rna_seq.augmented_star_gene_counts.tsv	Transcriptome Profiling	Gene Expression Quantification	TCGA-SKCM	TCGA-FR-A7U9	TCGA-FR-A7U9-06A	Tumor	Metastatic	Unknown	Unknown
481fa807-fe38-42ee-bd7b-617066f616d6	855f0a82-04de-485d-9613-5ccf08074069.rna_seq.augmented_star_gene_counts.tsv	Transcriptome Profiling	Gene Expression Quantification	TCGA-SKCM	TCGA-GN-A4U5	TCGA-GN-A4U5-01A	Tumor	Primary	Solid Tissue	Unknown
83512d89-11ea-45ad-98ed-18e4617b47ec	4d36189e-fe88-4cfb-970b-a51b8e9e0783.rna_seq.augmented_star_gene_counts.tsv	Transcriptome Profiling	Gene Expression Quantification	TCGA-SKCM	TCGA-EE-A3JB	TCGA-EE-A3JB-06A	Tumor	Metastatic	Unknown	OCT
688a66a2-4c35-46c0-81c4-e3cfc762a4f8	6059e3d0-6430-4875-99df-9252a508974c.rna_seq.augmented_star_gene_counts.tsv	Transcriptome Profiling	Gene Expression Quantification	TCGA-SKCM	TCGA-ER-A193	TCGA-ER-A193-06A	Tumor	Metastatic	Unknown	OCT
00fb6c2d-3abc-4d05-8506-e2d951543346	4f0c3ed0-647a-422e-b771-f201f5d5d29e.rna_seq.augmented_star_gene_counts.tsv	Transcriptome Profiling	Gene Expression Quantification	TCGA-SKCM	TCGA-DA-A1I8	TCGA-DA-A1I8-06A	Tumor	Metastatic	Unknown	OCT
c73b76ac-c4fd-4896-b4cf-f73074040a34	c0ec10f4-f2d0-4a17-b2a2-3726a67de7f9.rna_seq.augmented_star_gene_counts.tsv	Transcriptome Profiling	Gene Expression Quantification	TCGA-SKCM	TCGA-ER-A3ET	TCGA-ER-A3ET-06A	Tumor	Metastatic	Unknown	OCT
a85800db-9522-4bb5-a95e-0fa7a21f1776	a88a1582-88b8-4e7e-9baf-09279b49a492.rna_seq.augmented_star_gene_counts.tsv	Transcriptome Profiling	Gene Expression Quantification	TCGA-SKCM	TCGA-D9-A149	TCGA-D9-A149-06A	Tumor	Metastatic	Unknown	Unknown
3b684369-ea5c-43e4-8a58-0d550b2ca1e5	f7efd016-c382-4eef-9be3-c3e8b3a5386f.rna_seq.augmented_star_gene_counts.tsv	Transcriptome Profiling	Gene Expression Quantification	TCGA-SKCM	TCGA-WE-A8K5	TCGA-WE-A8K5-06A	Tumor	Metastatic	Unknown	OCT
170aa982-33f1-41d0-b0f0-2585d6e8f906	e0b0b87d-1125-4834-8133-5d719f1fd255.rna_seq.augmented_star_gene_counts.tsv	Transcriptome Profiling	Gene Expression Quantification	TCGA-SKCM	TCGA-EE-A2GU	TCGA-EE-A2GU-06A	Tumor	Metastatic	Unknown	OCT
67694d6e-4c3c-4041-b97a-862aaaba8c89	25d48b78-8622-42af-b33f-4034a42f30cb.rna_seq.augmented_star_gene_counts.tsv	Transcriptome Profiling	Gene Expression Quantification	TCGA-SKCM	TCGA-D3-A1Q3	TCGA-D3-A1Q3-06A	Tumor	Metastatic	Unknown	OCT
d720c204-3ccb-4551-ab28-188712a97667	97a6e3bc-f272-4d88-a1fe-ef3541cdf296.rna_seq.augmented_star_gene_counts.tsv	Transcriptome Profiling	Gene Expression Quantification	TCGA-SKCM	TCGA-GN-A9SD	TCGA-GN-A9SD-06A	Tumor	Metastatic	Unknown	OCT
0675a938-3af9-4ac6-9fb6-9ff270dc6a65	06d5607b-45d7-4247-8d42-709d9d292530.rna_seq.augmented_star_gene_counts.tsv	Transcriptome Profiling	Gene Expression Quantification	TCGA-SKCM	TCGA-FS-A1ZW	TCGA-FS-A1ZW-06A	Tumor	Metastatic	Unknown	Unknown
2673447a-63f1-4221-87d7-c959a6d495c8	0056507f-a296-4148-bc9f-a831249c7973.rna_seq.augmented_star_gene_counts.tsv	Transcriptome Profiling	Gene Expression Quantification	TCGA-SKCM	TCGA-FS-A4F8	TCGA-FS-A4F8-06A	Tumor	Metastatic	Unknown	Unknown
2d9f84cc-795e-4aef-890f-c2fc090e96e6	9604472c-4956-4170-8ba7-419f3e8d7418.rna_seq.augmented_star_gene_counts.tsv	Transcriptome Profiling	Gene Expression Quantification	TCGA-SKCM	TCGA-W3-A825	TCGA-W3-A825-06A	Tumor	Metastatic	Unknown	OCT
68badaa1-8052-44e2-a55e-67b657c87af2	1c25bdab-9259-4b1f-b4d5-20b496d36a1a.rna_seq.augmented_star_gene_counts.tsv	Transcriptome Profiling	Gene Expression Quantification	TCGA-SKCM	TCGA-D3-A8GQ	TCGA-D3-A8GQ-06A	Tumor	Metastatic	Unknown	OCT
f49a4212-5c4a-4c46-aba5-2d586e100070	364e9fa9-3e1f-47cc-959a-1a2b3061c5d4.rna_seq.augmented_star_gene_counts.tsv	Transcriptome Profiling	Gene Expression Quantification	TCGA-SKCM	TCGA-EE-A29A	TCGA-EE-A29A-06A	Tumor	Metastatic	Unknown	OCT
26df792e-6170-4252-b133-1036a584261f	362a2015-1791-4934-be81-df39540b38ff.rna_seq.augmented_star_gene_counts.tsv	Transcriptome Profiling	Gene Expression Quantification	TCGA-SKCM	TCGA-D3-A51H	TCGA-D3-A51H-06A	Tumor	Metastatic	Unknown	OCT
e4992d90-d425-4c03-ab00-5e9bfe232b8f	5566453e-df41-4aab-8dd0-825efbece954.rna_seq.augmented_star_gene_counts.tsv	Transcriptome Profiling	Gene Expression Quantification	TCGA-SKCM	TCGA-W3-AA1W	TCGA-W3-AA1W-06A	Tumor	Metastatic	Unknown	OCT
80f012fc-3440-45f3-bf1e-9656e21d96c5	223494f1-6c0b-446e-998d-53b3b4d0da1a.rna_seq.augmented_star_gene_counts.tsv	Transcriptome Profiling	Gene Expression Quantification	TCGA-SKCM	TCGA-FR-A3R1	TCGA-FR-A3R1-01A	Tumor	Primary	Solid Tissue	Unknown
226f2102-0ca6-4d88-803e-dfd4ed9af516	b03d2223-38c1-4bb3-be8b-27db05f87b66.rna_seq.augmented_star_gene_counts.tsv	Transcriptome Profiling	Gene Expression Quantification	TCGA-SKCM	TCGA-D3-A8GD	TCGA-D3-A8GD-06A	Tumor	Metastatic	Unknown	OCT
77e14e11-91e8-4201-b837-a2fe46623b00	d2c9b21d-0f64-4182-9d5d-82b80a158a1f.rna_seq.augmented_star_gene_counts.tsv	Transcriptome Profiling	Gene Expression Quantification	TCGA-SKCM	TCGA-EB-A4OY	TCGA-EB-A4OY-01A	Tumor	Primary	Solid Tissue	OCT
5a9aae7b-4e56-4109-a744-ee851856372f	7d3b4d06-1249-4a85-a66a-387d4e2e2cb2.rna_seq.augmented_star_gene_counts.tsv	Transcriptome Profiling	Gene Expression Quantification	TCGA-SKCM	TCGA-EE-A2MJ	TCGA-EE-A2MJ-06A	Tumor	Metastatic	Unknown	OCT
0d4fceab-190d-4e98-93b5-6c86c6988e2e	e7c14078-b85e-40b8-9f56-9474543905eb.rna_seq.augmented_star_gene_counts.tsv	Transcriptome Profiling	Gene Expression Quantification	TCGA-SKCM	TCGA-BF-A5ER	TCGA-BF-A5ER-01A	Tumor	Primary	Solid Tissue	OCT
cdcbb78a-d1e1-4422-b38b-ef7b6f044f53	f5e6497a-ed39-408d-9034-a965baaafbf7.rna_seq.augmented_star_gene_counts.tsv	Transcriptome Profiling	Gene Expression Quantification	TCGA-SKCM	TCGA-FS-A1ZS	TCGA-FS-A1ZS-06A	Tumor	Metastatic	Unknown	Unknown
b6c72061-cab4-4aef-bd33-3b0b4881bed2	16ab68fd-4948-4cd5-b5d8-1b2e8a1fd3cb.rna_seq.augmented_star_gene_counts.tsv	Transcriptome Profiling	Gene Expression Quantification	TCGA-SKCM	TCGA-FS-A4F4	TCGA-FS-A4F4-06A	Tumor	Metastatic	Unknown	Unknown
21e2be3e-592f-4120-b234-cefa0e34427a	09f758e5-6be1-4f29-ac92-869d92f8fbcf.rna_seq.augmented_star_gene_counts.tsv	Transcriptome Profiling	Gene Expression Quantification	TCGA-SKCM	TCGA-DA-A1I0	TCGA-DA-A1I0-06A	Tumor	Metastatic	Unknown	OCT
d0c42dcd-73f9-47f4-b18c-285ece825e1d	8683d8f5-bba5-40a1-a460-ad6183d2302b.rna_seq.augmented_star_gene_counts.tsv	Transcriptome Profiling	Gene Expression Quantification	TCGA-SKCM	TCGA-EB-A5SH	TCGA-EB-A5SH-06A	Tumor	Metastatic	Unknown	OCT
50bbbefe-3eba-4562-be2f-870b7deab4db	1af0bfa7-8beb-499f-a658-ed1dd9fdb701.rna_seq.augmented_star_gene_counts.tsv	Transcriptome Profiling	Gene Expression Quantification	TCGA-SKCM	TCGA-D9-A4Z5	TCGA-D9-A4Z5-01A	Tumor	Primary	Solid Tissue	Unknown
aa5243e6-ef02-4940-8dbb-be91b7914863	12256b85-6662-41b3-a5d4-890ced0222e5.rna_seq.augmented_star_gene_counts.tsv	Transcriptome Profiling	Gene Expression Quantification	TCGA-SKCM	TCGA-EE-A20H	TCGA-EE-A20H-06A	Tumor	Metastatic	Unknown	OCT
6c68991a-819b-4d2f-ab04-eed0fd6e7aa9	3bb03dc9-6daf-42ef-95d6-cdf726f926e8.rna_seq.augmented_star_gene_counts.tsv	Transcriptome Profiling	Gene Expression Quantification	TCGA-SKCM	TCGA-EB-A5FP	TCGA-EB-A5FP-01A	Tumor	Primary	Solid Tissue	OCT
ac71179d-766b-43e4-8cd4-04c6b63a70e1	7cd1f8af-7c1d-4a56-a617-b8debf493122.rna_seq.augmented_star_gene_counts.tsv	Transcriptome Profiling	Gene Expression Quantification	TCGA-SKCM	TCGA-Z2-AA3S	TCGA-Z2-AA3S-06A	Tumor	Metastatic	Unknown	OCT
b36ebb94-8ea7-4ce6-8d16-83af643fb2bf	b09c5d28-8a02-4343-b678-07cbf351ed44.rna_seq.augmented_star_gene_counts.tsv	Transcriptome Profiling	Gene Expression Quantification	TCGA-SKCM	TCGA-FS-A1ZK	TCGA-FS-A1ZK-06A	Tumor	Metastatic	Unknown	Unknown
f60d9aed-560f-4325-8423-b0ed5c7e7fcc	004589d9-7eb6-46cb-b822-20cd1939aa7e.rna_seq.augmented_star_gene_counts.tsv	Transcriptome Profiling	Gene Expression Quantification	TCGA-SKCM	TCGA-EE-A2MF	TCGA-EE-A2MF-06A	Tumor	Metastatic	Unknown	OCT
ce3b6d73-7ed9-4502-9cc7-3176ba66ec3f	fe036511-fe82-467c-9c6e-59bfb8b0a329.rna_seq.augmented_star_gene_counts.tsv	Transcriptome Profiling	Gene Expression Quantification	TCGA-SKCM	TCGA-D3-A1Q5	TCGA-D3-A1Q5-06A	Tumor	Metastatic	Unknown	OCT
efdfc201-4aa3-49cb-ae6b-e5746bb7244e	57f2cc66-9163-4e07-93f8-d5a2158e7125.rna_seq.augmented_star_gene_counts.tsv	Transcriptome Profiling	Gene Expression Quantification	TCGA-SKCM	TCGA-EE-A2MR	TCGA-EE-A2MR-06A	Tumor	Metastatic	Unknown	OCT
11583ac4-aac9-4506-9f5f-7370c9636c99	20d40b1a-fbe0-4710-b0db-5c190e00addd.rna_seq.augmented_star_gene_counts.tsv	Transcriptome Profiling	Gene Expression Quantification	TCGA-SKCM	TCGA-EE-A180	TCGA-EE-A180-06A	Tumor	Metastatic	Unknown	OCT
8620ba67-3c2b-43c8-a72d-987f52b14037	a7bda5b9-9c95-4f90-bab6-10ab15ee2b48.rna_seq.augmented_star_gene_counts.tsv	Transcriptome Profiling	Gene Expression Quantification	TCGA-SKCM	TCGA-EE-A2GO	TCGA-EE-A2GO-06A	Tumor	Metastatic	Unknown	OCT
f3cd8df4-ed49-4083-9629-e16f90993ea2	3ca8899d-3ed3-478b-a70c-919f68969d81.rna_seq.augmented_star_gene_counts.tsv	Transcriptome Profiling	Gene Expression Quantification	TCGA-SKCM	TCGA-FS-A1YW	TCGA-FS-A1YW-06A	Tumor	Metastatic	Unknown	Unknown
e9814e23-2b75-4b4e-804f-12193a528da1	550c15f6-55cf-4928-bc62-bb28bc5672da.rna_seq.augmented_star_gene_counts.tsv	Transcriptome Profiling	Gene Expression Quantification	TCGA-SKCM	TCGA-EE-A2MM	TCGA-EE-A2MM-06A	Tumor	Metastatic	Unknown	OCT
9e16818c-197c-459b-8747-f59474bdce71	b95ca895-419a-45de-8f20-9954a2447d6e.rna_seq.augmented_star_gene_counts.tsv	Transcriptome Profiling	Gene Expression Quantification	TCGA-SKCM	TCGA-D3-A5GO	TCGA-D3-A5GO-06A	Tumor	Metastatic	Unknown	OCT
2b41f892-17f8-4657-8212-c1c15d960e3f	07108549-98ef-4c31-b649-feb043879304.rna_seq.augmented_star_gene_counts.tsv	Transcriptome Profiling	Gene Expression Quantification	TCGA-SKCM	TCGA-BF-A5EQ	TCGA-BF-A5EQ-01A	Tumor	Primary	Solid Tissue	OCT
5768d960-0e79-4927-a7a2-860a7cc1bcf1	16dd072b-b664-43e8-8862-c9d9d945f8bc.rna_seq.augmented_star_gene_counts.tsv	Transcriptome Profiling	Gene Expression Quantification	TCGA-SKCM	TCGA-BF-A3DM	TCGA-BF-A3DM-01A	Tumor	Primary	Solid Tissue	OCT
a3e0b623-035f-4f3d-8476-ac7fd0d60ea1	b2e80b2b-559c-424e-837d-fa1de6b912e7.rna_seq.augmented_star_gene_counts.tsv	Transcriptome Profiling	Gene Expression Quantification	TCGA-SKCM	TCGA-D3-A51R	TCGA-D3-A51R-06A	Tumor	Metastatic	Unknown	OCT
67dd7c74-80e4-449a-bd20-133a423419d0	74cffe84-dca8-4673-925a-9e0d6344832a.rna_seq.augmented_star_gene_counts.tsv	Transcriptome Profiling	Gene Expression Quantification	TCGA-SKCM	TCGA-EE-A3JH	TCGA-EE-A3JH-06A	Tumor	Metastatic	Unknown	OCT
780701d7-0632-40df-9860-88b1036686da	198b23eb-5efa-4c7e-84f6-96976474de0b.rna_seq.augmented_star_gene_counts.tsv	Transcriptome Profiling	Gene Expression Quantification	TCGA-SKCM	TCGA-D3-A2JA	TCGA-D3-A2JA-06A	Tumor	Metastatic	Unknown	OCT
d47f96f6-a092-4dc2-8214-b7ed5b4212ff	ad2bbb19-6d02-480f-b011-d4327c3c5607.rna_seq.augmented_star_gene_counts.tsv	Transcriptome Profiling	Gene Expression Quantification	TCGA-SKCM	TCGA-EB-A5SG	TCGA-EB-A5SG-06A	Tumor	Metastatic	Unknown	OCT
631ef22b-0162-47a7-9dd0-c1d33f9a1de5	47f225d0-6724-404f-9489-19dc77637940.rna_seq.augmented_star_gene_counts.tsv	Transcriptome Profiling	Gene Expression Quantification	TCGA-SKCM	TCGA-D9-A3Z1	TCGA-D9-A3Z1-06A	Tumor	Metastatic	Unknown	Unknown
48797c31-ab2a-48b0-add1-25954dc8c901	81c0d65d-fb6f-4acb-a038-17d90d32d922.rna_seq.augmented_star_gene_counts.tsv	Transcriptome Profiling	Gene Expression Quantification	TCGA-SKCM	TCGA-EB-A85I	TCGA-EB-A85I-01A	Tumor	Primary	Unknown	OCT
16d1ff06-7ddc-4c3c-8c53-1ab720a6d686	ccdce530-38ba-46f2-867c-9359902d85b0.rna_seq.augmented_star_gene_counts.tsv	Transcriptome Profiling	Gene Expression Quantification	TCGA-SKCM	TCGA-EE-A3JI	TCGA-EE-A3JI-06A	Tumor	Metastatic	Unknown	OCT
f462cb00-be8f-4f26-85a6-03dbf043a881	c2e34dda-0852-492e-9cde-3ff606259c12.rna_seq.augmented_star_gene_counts.tsv	Transcriptome Profiling	Gene Expression Quantification	TCGA-SKCM	TCGA-GN-A8LL	TCGA-GN-A8LL-06A	Tumor	Metastatic	Unknown	OCT
2348b25a-1aaa-4554-b181-a431fcb7f5a0	4245e942-3439-4e98-9733-b0b8ac25ad56.rna_seq.augmented_star_gene_counts.tsv	Transcriptome Profiling	Gene Expression Quantification	TCGA-SKCM	TCGA-BF-AAP2	TCGA-BF-AAP2-01A	Tumor	Primary	Solid Tissue	OCT
04705af1-2ee5-4aea-9273-5f7372f4aad9	bdb0fb38-9d28-4c8a-8e79-99b183062a2d.rna_seq.augmented_star_gene_counts.tsv	Transcriptome Profiling	Gene Expression Quantification	TCGA-SKCM	TCGA-GN-A8LN	TCGA-GN-A8LN-01A	Tumor	Primary	Solid Tissue	OCT
65a7c40e-6500-47aa-9e46-10922dd55c7f	d24acd56-d148-487c-8d44-b303a68eb9d2.rna_seq.augmented_star_gene_counts.tsv	Transcriptome Profiling	Gene Expression Quantification	TCGA-SKCM	TCGA-DA-A1IB	TCGA-DA-A1IB-06A	Tumor	Metastatic	Unknown	OCT
7cfb8928-da64-4476-a214-d77b27f2f8b2	08e3d239-3d8a-4eee-9e08-ac2bcb3f2619.rna_seq.augmented_star_gene_counts.tsv	Transcriptome Profiling	Gene Expression Quantification	TCGA-SKCM	TCGA-EB-A553	TCGA-EB-A553-01A	Tumor	Primary	Solid Tissue	OCT
958ed743-9140-4ee6-b66b-4cae36f10b30	14a20c28-47d6-4c2d-98cf-6bf8aa2c386f.rna_seq.augmented_star_gene_counts.tsv	Transcriptome Profiling	Gene Expression Quantification	TCGA-SKCM	TCGA-W3-AA1Q	TCGA-W3-AA1Q-06A	Tumor	Metastatic	Unknown	OCT
fc1a809f-2730-4f00-8100-7bd47a9d493e	725c559b-1699-476a-a9bb-c28daa78f682.rna_seq.augmented_star_gene_counts.tsv	Transcriptome Profiling	Gene Expression Quantification	TCGA-SKCM	TCGA-EE-A2M7	TCGA-EE-A2M7-06A	Tumor	Metastatic	Unknown	OCT
2c855c89-f5fc-44fb-b083-67284febb42b	dac229a2-aca6-4418-80b5-3ee1908da020.rna_seq.augmented_star_gene_counts.tsv	Transcriptome Profiling	Gene Expression Quantification	TCGA-SKCM	TCGA-W3-A828	TCGA-W3-A828-06A	Tumor	Metastatic	Unknown	OCT
5a9e2b1d-ba94-4aa6-aea8-97a29efea791	299613f5-2f9a-4687-ab0c-323bf38f3699.rna_seq.augmented_star_gene_counts.tsv	Transcriptome Profiling	Gene Expression Quantification	TCGA-SKCM	TCGA-ER-A196	TCGA-ER-A196-01A	Tumor	Primary	Solid Tissue	OCT
ee55def2-95bc-4697-82fc-c628b2fd729d	dceaa4af-2981-4ab1-b33e-71b28845da80.rna_seq.augmented_star_gene_counts.tsv	Transcriptome Profiling	Gene Expression Quantification	TCGA-SKCM	TCGA-EE-A29H	TCGA-EE-A29H-06A	Tumor	Metastatic	Unknown	OCT
f40fb5dc-5ceb-4474-91cb-5d9d73478f86	718de66e-06d2-4c2c-8b2d-e40087c4340c.rna_seq.augmented_star_gene_counts.tsv	Transcriptome Profiling	Gene Expression Quantification	TCGA-SKCM	TCGA-FS-A1ZB	TCGA-FS-A1ZB-06A	Tumor	Metastatic	Unknown	Unknown
fe048b7b-8589-4691-8343-b18953b47fd1	a92a00e1-51c4-465d-8547-ead45bf2527e.rna_seq.augmented_star_gene_counts.tsv	Transcriptome Profiling	Gene Expression Quantification	TCGA-SKCM	TCGA-D3-A2J6	TCGA-D3-A2J6-06A	Tumor	Metastatic	Unknown	OCT
fd479d44-39dc-40a1-941b-67012d4663ca	4c67fdfb-4b74-46c4-9021-0b5317207db5.rna_seq.augmented_star_gene_counts.tsv	Transcriptome Profiling	Gene Expression Quantification	TCGA-SKCM	TCGA-ER-A19G	TCGA-ER-A19G-06A	Tumor	Metastatic	Unknown	OCT
2d189755-b948-46d2-92bc-51788453202c	526fa24c-bb8e-44e5-b5b1-2db9a1bbd935.rna_seq.augmented_star_gene_counts.tsv	Transcriptome Profiling	Gene Expression Quantification	TCGA-SKCM	TCGA-EB-A3XB	TCGA-EB-A3XB-01A	Tumor	Primary	Solid Tissue	OCT
374da7c9-c38e-40e7-98a3-99c0b632d89d	40b92a76-f324-4cdd-8209-517d021acd47.rna_seq.augmented_star_gene_counts.tsv	Transcriptome Profiling	Gene Expression Quantification	TCGA-SKCM	TCGA-D3-A8GI	TCGA-D3-A8GI-06A	Tumor	Metastatic	Unknown	OCT
a8046813-e06d-4044-99f5-794335d7dede	8da8aaa5-5059-4c87-a32b-8c99ebeeb52d.rna_seq.augmented_star_gene_counts.tsv	Transcriptome Profiling	Gene Expression Quantification	TCGA-SKCM	TCGA-EB-A97M	TCGA-EB-A97M-01A	Tumor	Primary	Solid Tissue	OCT
02213727-89b2-4d33-84cb-2cb1af63206e	06c948c5-b714-40b8-b4ce-814effef62c7.rna_seq.augmented_star_gene_counts.tsv	Transcriptome Profiling	Gene Expression Quantification	TCGA-SKCM	TCGA-BF-A5EO	TCGA-BF-A5EO-01A	Tumor	Primary	Solid Tissue	OCT
0e423b71-ba0b-4ae1-bf78-293a8f287570	525b66e0-235a-4bf5-bc46-eb022d630115.rna_seq.augmented_star_gene_counts.tsv	Transcriptome Profiling	Gene Expression Quantification	TCGA-SKCM	TCGA-EB-A299	TCGA-EB-A299-01A	Tumor	Primary	Solid Tissue	OCT
4050fc40-52ea-413f-a38d-71ddf4c33413	27f76511-b825-41a5-a0b5-257c80223d8b.rna_seq.augmented_star_gene_counts.tsv	Transcriptome Profiling	Gene Expression Quantification	TCGA-SKCM	TCGA-W3-AA1V	TCGA-W3-AA1V-06B	Tumor	Metastatic	Unknown	OCT
9f3b4749-5931-40c9-8ad6-fd83cf810fc4	d7002469-704f-46bc-83db-679d5a0cd1e1.rna_seq.augmented_star_gene_counts.tsv	Transcriptome Profiling	Gene Expression Quantification	TCGA-SKCM	TCGA-IH-A3EA	TCGA-IH-A3EA-01A	Tumor	Primary	Solid Tissue	OCT
4f97f4d8-fc1c-4423-90de-a66470322787	a17b6971-a249-484a-805e-d20ef3c4cd15.rna_seq.augmented_star_gene_counts.tsv	Transcriptome Profiling	Gene Expression Quantification	TCGA-SKCM	TCGA-D9-A6EC	TCGA-D9-A6EC-06A	Tumor	Metastatic	Unknown	OCT
3c0d074c-da2d-4c18-bb48-daf73f69c79c	7bc6961f-19df-4a54-a2d0-fb60e318cc10.rna_seq.augmented_star_gene_counts.tsv	Transcriptome Profiling	Gene Expression Quantification	TCGA-SKCM	TCGA-D3-A3BZ	TCGA-D3-A3BZ-06A	Tumor	Metastatic	Unknown	OCT
09476743-9115-4f1c-b597-61101b38f56e	289b3dee-bd46-4286-8e7b-86ffb573d37e.rna_seq.augmented_star_gene_counts.tsv	Transcriptome Profiling	Gene Expression Quantification	TCGA-SKCM	TCGA-D3-A8GS	TCGA-D3-A8GS-06A	Tumor	Metastatic	Unknown	OCT
da78e095-a01f-481a-98b3-93e559407a89	de5a4588-05ec-461f-9235-90611b01f4b6.rna_seq.augmented_star_gene_counts.tsv	Transcriptome Profiling	Gene Expression Quantification	TCGA-SKCM	TCGA-EE-A2M6	TCGA-EE-A2M6-06A	Tumor	Metastatic	Unknown	OCT
2f4ee6db-303e-40b6-9bf1-6aa168fd2f51	09c2c2d4-0d2f-488e-b42e-9c4756a27940.rna_seq.augmented_star_gene_counts.tsv	Transcriptome Profiling	Gene Expression Quantification	TCGA-SKCM	TCGA-WE-A8ZY	TCGA-WE-A8ZY-06A	Tumor	Metastatic	Unknown	OCT
a6bab58d-25a3-44ee-82a4-6ae69e393168	efe57fc7-7cf4-432b-86ff-9fd2d1a37b5e.rna_seq.augmented_star_gene_counts.tsv	Transcriptome Profiling	Gene Expression Quantification	TCGA-SKCM	TCGA-DA-A1I1	TCGA-DA-A1I1-06A	Tumor	Metastatic	Unknown	OCT
7b9c0df7-dd10-4c76-b5c7-c1b0eaa4aa7d	2c1c1b9c-180d-44af-b62a-ca9d83ae993f.rna_seq.augmented_star_gene_counts.tsv	Transcriptome Profiling	Gene Expression Quantification	TCGA-SKCM	TCGA-GN-A26A	TCGA-GN-A26A-06A	Tumor	Metastatic	Unknown	OCT
a15bfa8a-ade0-4167-8cd4-5a860a5c4f9d	70b9dbcc-882d-4c90-a286-c94169e1d418.rna_seq.augmented_star_gene_counts.tsv	Transcriptome Profiling	Gene Expression Quantification	TCGA-SKCM	TCGA-GN-A264	TCGA-GN-A264-06A	Tumor	Metastatic	Unknown	OCT
1e47e2ed-59c1-4f38-898c-3f29b851247f	4fc05c1a-63b9-415b-ad42-68b013e21b21.rna_seq.augmented_star_gene_counts.tsv	Transcriptome Profiling	Gene Expression Quantification	TCGA-SKCM	TCGA-BF-AAP4	TCGA-BF-AAP4-01A	Tumor	Primary	Solid Tissue	OCT
3031ed04-095b-41cb-a717-1360d04a898b	0e8bcafe-b201-4c66-8a0b-d89a4fd7c7ae.rna_seq.augmented_star_gene_counts.tsv	Transcriptome Profiling	Gene Expression Quantification	TCGA-SKCM	TCGA-XV-AAZW	TCGA-XV-AAZW-01A	Tumor	Primary	Solid Tissue	OCT
9a733e63-6340-4ac2-ba6d-84f52135a057	9eec558d-cc8f-4816-80a5-b6aac4cbb94e.rna_seq.augmented_star_gene_counts.tsv	Transcriptome Profiling	Gene Expression Quantification	TCGA-SKCM	TCGA-FS-A1Z4	TCGA-FS-A1Z4-06A	Tumor	Metastatic	Unknown	Unknown
ab989339-de30-48b5-b30d-5d23123aaaee	482876d9-a6fb-4642-acbc-c3e45880e576.rna_seq.augmented_star_gene_counts.tsv	Transcriptome Profiling	Gene Expression Quantification	TCGA-SKCM	TCGA-EE-A29B	TCGA-EE-A29B-06A	Tumor	Metastatic	Unknown	OCT
918d78c9-e35a-4eaf-ae1a-29d7696a9df3	956f6e0c-42d0-4892-848e-fd165e9ac12b.rna_seq.augmented_star_gene_counts.tsv	Transcriptome Profiling	Gene Expression Quantification	TCGA-SKCM	TCGA-EE-A2MH	TCGA-EE-A2MH-06A	Tumor	Metastatic	Unknown	OCT
bb000b50-39bf-4a3c-9892-c7be9cc3c363	d31b7542-ab53-4c4f-b070-0c50bb195d1c.rna_seq.augmented_star_gene_counts.tsv	Transcriptome Profiling	Gene Expression Quantification	TCGA-SKCM	TCGA-GF-A6C8	TCGA-GF-A6C8-06A	Tumor	Metastatic	Unknown	Unknown
6d49ec40-9d38-4e6e-a23e-9820dbaf0740	94b2af92-0cfc-40b2-977d-6bd0fa4440d9.rna_seq.augmented_star_gene_counts.tsv	Transcriptome Profiling	Gene Expression Quantification	TCGA-SKCM	TCGA-FR-A7UA	TCGA-FR-A7UA-06A	Tumor	Metastatic	Unknown	Unknown
483671c4-84fe-4a28-8259-bb486f398a5b	486430aa-f745-4353-9e03-6226ac8d9993.rna_seq.augmented_star_gene_counts.tsv	Transcriptome Profiling	Gene Expression Quantification	TCGA-SKCM	TCGA-DA-A95Y	TCGA-DA-A95Y-06A	Tumor	Metastatic	Unknown	OCT
e9756382-11dd-4218-a76f-29609fd85e19	c2d0d36b-83b0-4a2b-a5d7-6567bf5aa557.rna_seq.augmented_star_gene_counts.tsv	Transcriptome Profiling	Gene Expression Quantification	TCGA-SKCM	TCGA-D3-A2JH	TCGA-D3-A2JH-06A	Tumor	Metastatic	Unknown	OCT
9007a863-1d7e-43de-acd4-8833c1fae268	79351f4f-6f4b-4a1e-bd18-eaa521344822.rna_seq.augmented_star_gene_counts.tsv	Transcriptome Profiling	Gene Expression Quantification	TCGA-UVM	TCGA-WC-A87T	TCGA-WC-A87T-01A	Tumor	Primary	Solid Tissue	OCT
1e0103aa-b6ee-46a6-bca0-3742d69bbf34	8ef24f8e-03c4-4db0-a136-7381346e9836.rna_seq.augmented_star_gene_counts.tsv	Transcriptome Profiling	Gene Expression Quantification	TCGA-SKCM	TCGA-RP-A690	TCGA-RP-A690-06A	Tumor	Metastatic	Unknown	OCT
6a15d826-5616-43ab-87ff-a9a193d0c155	959c268c-637f-4f39-a254-a505c57e8448.rna_seq.augmented_star_gene_counts.tsv	Transcriptome Profiling	Gene Expression Quantification	TCGA-SKCM	TCGA-D9-A1X3	TCGA-D9-A1X3-06A	Tumor	Metastatic	Unknown	Unknown
a20d9e3d-4b44-4843-8387-b75b20ba47a5	c6e243ee-b2d9-408e-ac05-ccbcffa805ab.rna_seq.augmented_star_gene_counts.tsv	Transcriptome Profiling	Gene Expression Quantification	TCGA-SKCM	TCGA-EB-A44O	TCGA-EB-A44O-01A	Tumor	Primary	Solid Tissue	OCT
414cae71-40b6-4833-95be-0e36746becb8	09552358-6d23-4990-858e-908ee5a132f6.rna_seq.augmented_star_gene_counts.tsv	Transcriptome Profiling	Gene Expression Quantification	TCGA-SKCM	TCGA-EE-A20B	TCGA-EE-A20B-06A	Tumor	Metastatic	Unknown	OCT
a6270c4d-f101-4404-852d-1bdd3785fbeb	28541e4e-2e2b-4772-9566-acf35b31a581.rna_seq.augmented_star_gene_counts.tsv	Transcriptome Profiling	Gene Expression Quantification	TCGA-SKCM	TCGA-FS-A1ZG	TCGA-FS-A1ZG-06A	Tumor	Metastatic	Unknown	Unknown
6e7805f3-a902-429f-9a16-fcaa919a3db6	e5241a38-ba49-4f7e-8d68-3d637f51247a.rna_seq.augmented_star_gene_counts.tsv	Transcriptome Profiling	Gene Expression Quantification	EXCEPTIONAL_RESPONDERS-ER	ER-B0BH	ER-B0BH-TTR1-A	Tumor	Recurrence	Unknown	FFPE
5660d9c5-d7e8-4ee9-a385-17d5d5666c76	35f68daa-0cea-40de-99b8-446d9e9784c8.rna_seq.augmented_star_gene_counts.tsv	Transcriptome Profiling	Gene Expression Quantification	TCGA-SKCM	TCGA-DA-A95X	TCGA-DA-A95X-06A	Tumor	Metastatic	Unknown	OCT
0887daa5-30a3-4701-8f6b-b0ff87ae2035	3e94d9d5-8c59-4366-babb-193bdc57d661.rna_seq.augmented_star_gene_counts.tsv	Transcriptome Profiling	Gene Expression Quantification	TCGA-SKCM	TCGA-DA-A3F5	TCGA-DA-A3F5-06A	Tumor	Metastatic	Unknown	OCT
5f4ae66f-50bc-4a2e-b559-eedf7f6c825b	427e0060-e33b-4ca8-83d8-1dd51a82a267.rna_seq.augmented_star_gene_counts.tsv	Transcriptome Profiling	Gene Expression Quantification	TCGA-SKCM	TCGA-DA-A1I7	TCGA-DA-A1I7-06A	Tumor	Metastatic	Unknown	OCT
54ddc3db-a7e7-4b81-9b73-ee0e149305d5	0918cbd5-edd0-41c8-8b67-677f35ad4611.rna_seq.augmented_star_gene_counts.tsv	Transcriptome Profiling	Gene Expression Quantification	TCGA-SKCM	TCGA-FS-A1ZD	TCGA-FS-A1ZD-06A	Tumor	Metastatic	Unknown	Unknown
8f193b3f-fd2c-4d70-9b10-8b3cb7586375	fe769a85-08b2-4442-aa8f-2b587e49001d.rna_seq.augmented_star_gene_counts.tsv	Transcriptome Profiling	Gene Expression Quantification	TCGA-SKCM	TCGA-W3-A824	TCGA-W3-A824-06A	Tumor	Metastatic	Unknown	OCT
c7ba090c-98e4-4f0d-bf9a-e7ec40bd7487	8cb3ba59-cfa2-4529-87a4-80d3f7be1332.rna_seq.augmented_star_gene_counts.tsv	Transcriptome Profiling	Gene Expression Quantification	TCGA-SKCM	TCGA-EB-A85J	TCGA-EB-A85J-01A	Tumor	Primary	Unknown	OCT
731d5053-54b5-4ee5-8697-de22da1798ff	a277c487-2d13-460f-a0d8-26acac1657d0.rna_seq.augmented_star_gene_counts.tsv	Transcriptome Profiling	Gene Expression Quantification	TCGA-SKCM	TCGA-EE-A3J8	TCGA-EE-A3J8-06A	Tumor	Metastatic	Unknown	OCT
aff52dfe-72ed-4139-b5ee-564c3bb92663	903db52d-a7e4-4490-b256-dd1149c78f38.rna_seq.augmented_star_gene_counts.tsv	Transcriptome Profiling	Gene Expression Quantification	TCGA-SKCM	TCGA-D3-A2J7	TCGA-D3-A2J7-06A	Tumor	Metastatic	Unknown	OCT
8c3d74f9-b4d5-4f83-a9c3-6d0978622d05	76902a54-8b06-4cb4-9439-b928cc55185d.rna_seq.augmented_star_gene_counts.tsv	Transcriptome Profiling	Gene Expression Quantification	RC-PTCL	RC-B5CZ	RC-B5CZ-TBP1-A	Tumor	Primary	Peripheral Whole Blood	Frozen
b3a9d52d-123f-47c8-9f61-efbe740ce8ce	be1a49ba-778b-4365-9a52-947006b46520.rna_seq.augmented_star_gene_counts.tsv	Transcriptome Profiling	Gene Expression Quantification	HCMI-CMDC	HCM-BROD-0721-C43	HCM-BROD-0721-C43-85M	Tumor	Metastatic	Adherent Cell Line	Frozen
ba84142a-8eff-4f70-b292-fe86ca0b1b0c	30eec36e-2dd6-49da-b987-673bc34ee8c0.rna_seq.augmented_star_gene_counts.tsv	Transcriptome Profiling	Gene Expression Quantification	HCMI-CMDC	HCM-BROD-0335-C43	HCM-BROD-0335-C43-85M	Tumor	Metastatic	Adherent Cell Line	Frozen
ac5272a4-16fa-415a-882e-bfeb8d129fd0	800dfa92-b17f-42b9-9cc2-6c3e25ef18e0.rna_seq.augmented_star_gene_counts.tsv	Transcriptome Profiling	Gene Expression Quantification	HCMI-CMDC	HCM-BROD-0339-C43	HCM-BROD-0339-C43-85M	Tumor	Metastatic	Adherent Cell Line	Frozen
6ae0c680-47c9-43ed-950b-3ba295cced35	1944a991-f355-461e-80c0-427bfdccc2a4.rna_seq.augmented_star_gene_counts.tsv	Transcriptome Profiling	Gene Expression Quantification	HCMI-CMDC	HCM-BROD-0702-C43	HCM-BROD-0702-C43-85M	Tumor	Metastatic	Adherent Cell Line	Frozen
bcaccf97-8485-4832-9a0f-99644a37aef1	13dbfe38-a034-495d-913b-fc298db6cbb2.rna_seq.augmented_star_gene_counts.tsv	Transcriptome Profiling	Gene Expression Quantification	HCMI-CMDC	HCM-BROD-0679-C43	HCM-BROD-0679-C43-85M	Tumor	Metastatic	Adherent Cell Line	Frozen
aca6adb6-218e-44ec-b57d-20821732bbc3	a685b3dc-6d02-41b9-80d9-16115ae20ea0.rna_seq.augmented_star_gene_counts.tsv	Transcriptome Profiling	Gene Expression Quantification	HCMI-CMDC	HCM-BROD-0561-C43	HCM-BROD-0561-C43-06A	Tumor	Metastatic	Solid Tissue	Frozen
d73f4d76-8c91-4c90-877b-c757f7404cc1	7ce6821e-2ad0-404c-b0cf-5a0eb2739589.rna_seq.augmented_star_gene_counts.tsv	Transcriptome Profiling	Gene Expression Quantification	HCMI-CMDC	HCM-BROD-0481-C43	HCM-BROD-0481-C43-85M	Tumor	Metastatic	Adherent Cell Line	Frozen
78ff3329-20bf-4bf6-b9f1-b346dc5e6e3a	c61544fc-82f5-4cb0-87b2-8cbcf097d236.rna_seq.augmented_star_gene_counts.tsv	Transcriptome Profiling	Gene Expression Quantification	HCMI-CMDC	HCM-BROD-0679-C43	HCM-BROD-0679-C43-06A	Tumor	Metastatic	Solid Tissue	Frozen
8e097c4b-841c-4a87-9dac-d5693378996c	a8ed2fd3-9094-44b6-ba1f-68a75b7599a1.rna_seq.augmented_star_gene_counts.tsv	Transcriptome Profiling	Gene Expression Quantification	HCMI-CMDC	HCM-BROD-0873-C43	HCM-BROD-0873-C43-01A	Tumor	Primary	Solid Tissue	Frozen
89da7867-a1c6-4c8f-ad60-769727fbfb0b	051aa0c8-5b25-4dce-a5e4-6131d4e7dde7.rna_seq.augmented_star_gene_counts.tsv	Transcriptome Profiling	Gene Expression Quantification	HCMI-CMDC	HCM-BROD-0873-C43	HCM-BROD-0873-C43-85B	Tumor	Primary	Adherent Cell Line	Frozen
2a24428e-0d74-4b02-b498-c06b035198d8	e95ef94e-8f9c-48c2-96d1-38375ab380f7.rna_seq.augmented_star_gene_counts.tsv	Transcriptome Profiling	Gene Expression Quantification	HCMI-CMDC	HCM-BROD-0791-C43	HCM-BROD-0791-C43-85O	Tumor	Metastatic	Adherent Cell Line	Frozen
f611990e-3cd8-4611-9522-4ba5ce6af77c	cf1ccc09-6110-44bf-9c27-f57bee691bf3.rna_seq.augmented_star_gene_counts.tsv	Transcriptome Profiling	Gene Expression Quantification	HCMI-CMDC	HCM-BROD-0791-C43	HCM-BROD-0791-C43-06A	Tumor	Metastatic	Solid Tissue	Frozen
9690f987-9db4-49ef-b5d7-266796bf7aa1	7ce2dbc4-48b9-4b3c-b871-e5f6d41563bb.rna_seq.augmented_star_gene_counts.tsv	Transcriptome Profiling	Gene Expression Quantification	HCMI-CMDC	HCM-BROD-0791-C43	HCM-BROD-0791-C43-85N	Tumor	Metastatic	Adherent Cell Line	Frozen
1d9be365-840a-48d3-a9b7-0c94bfd30656	3b2409e7-8170-4358-8576-e6363160be0e.rna_seq.augmented_star_gene_counts.tsv	Transcriptome Profiling	Gene Expression Quantification	HCMI-CMDC	HCM-BROD-0719-C43	HCM-BROD-0719-C43-06B	Tumor	Metastatic	Solid Tissue	Frozen
e2aff7ee-1158-4a31-abd2-3188889cc726	2bfd866f-d5f5-4930-aa20-9d455a69b16b.rna_seq.augmented_star_gene_counts.tsv	Transcriptome Profiling	Gene Expression Quantification	HCMI-CMDC	HCM-BROD-0719-C43	HCM-BROD-0719-C43-85N	Tumor	Metastatic	Adherent Cell Line	Frozen
9e70e1cd-7554-400e-9196-da053741540d	7d801f86-b522-4aa9-aeef-a833c7022845.rna_seq.augmented_star_gene_counts.tsv	Transcriptome Profiling	Gene Expression Quantification	HCMI-CMDC	HCM-BROD-0716-C43	HCM-BROD-0716-C43-85N	Tumor	Metastatic	Adherent Cell Line	Frozen
45a13b60-da7c-41a0-ba39-b1d125b4e19c	4f9f0f9d-e52e-4dcd-b8db-bdbf6efb0498.rna_seq.augmented_star_gene_counts.tsv	Transcriptome Profiling	Gene Expression Quantification	HCMI-CMDC	HCM-BROD-0716-C43	HCM-BROD-0716-C43-06B	Tumor	Metastatic	Solid Tissue	Frozen
